{"cameraMode":{"drawMode":0,"name":"Shaded","section":"Shading Mode"},"sceneLighting":true,"audioPlay":false,"sceneViewState":{"showFog":true,"showMaterialUpdate":false,"showSkybox":true,"showFlares":true,"showImageEffects":true,"showParticleSystems":true},"in2DMode":false,"pivot":{"x":-9.439435958862305,"y":1.0497207641601563,"z":-20.406341552734376},"rotation":{"x":-0.1574804186820984,"y":-0.8296365737915039,"z":0.2900223731994629,"w":-0.45042288303375246},"size":17.623781204223634,"orthographic":false}